chain_time,trading_date,in_session,feed,age_seconds,verdict
1789980898,20260921,0,SGOV-USD,32071,2
1789980898,20260921,0,EWY / USD,1435,2
1789980898,20260921,0,GOOGL / USD,3218,2
1789980898,20260921,0,QQQ / USD,3450,2
1789980898,20260921,0,TSM / USD,4482,2
1789980898,20260921,0,COIN / USD,490,2
1789980898,20260921,0,PLTR / USD,373,2
1789980898,20260921,0,RGTI / USD,3072,2
1789980898,20260921,0,ORCL / USD,116,2
1789980898,20260921,0,MSTR / USD,214,2
1789980898,20260921,0,RKLB / USD,3149,2
1789980898,20260921,0,SPCX / USD,17697,2
1789980898,20260921,0,USAR-USD,47,2
1789980898,20260921,0,SPY / USD,32072,2
1789980898,20260921,0,TSLA / USD,3100,2
1789980898,20260921,0,SNDK / USD,1385,2
1789980898,20260921,0,IONQ / USD,3036,2
1789980898,20260921,0,CRCL / USD,453,2
1789980898,20260921,0,AMZN / USD,32060,2
1789980898,20260921,0,INTC / USD,1094,2
1789980898,20260921,0,MU / USD,27,2
1789980898,20260921,0,AAPL / USD,32078,2
1789980898,20260921,0,NVDA / USD,27457,2
1789980898,20260921,0,DELL-USD,2345,2
1789980898,20260921,0,NBIS / USD,11915,2
1789980898,20260921,0,CLSK / USD,1075,2
1789980898,20260921,0,ASML / USD,1689,2
1789980898,20260921,0,BABA / USD,1589,2
1789980898,20260921,0,USO / USD,384,2
1789980898,20260921,0,META / USD,8278,2
1789980898,20260921,0,MSFT / USD,32054,2
1789980898,20260921,0,SLV / USD,11159,2
1789980898,20260921,0,CRWV / USD,673,2
1789980898,20260921,0,AMD / USD,3109,2
1789980898,20260921,0,GME / USD,2891,2
1789980906,20260921,0,SGOV-USD,32079,2
1789980906,20260921,0,EWY / USD,1443,2
1789980906,20260921,0,GOOGL / USD,3226,2
1789980906,20260921,0,QQQ / USD,3458,2
1789980906,20260921,0,TSM / USD,4490,2
1789980906,20260921,0,COIN / USD,498,2
1789980906,20260921,0,PLTR / USD,381,2
1789980906,20260921,0,RGTI / USD,3080,2
1789980906,20260921,0,ORCL / USD,124,2
1789980906,20260921,0,MSTR / USD,222,2
1789980906,20260921,0,RKLB / USD,3157,2
1789980906,20260921,0,SPCX / USD,17705,2
1789980906,20260921,0,USAR-USD,55,2
1789980906,20260921,0,SPY / USD,32080,2
1789980906,20260921,0,TSLA / USD,3108,2
1789980906,20260921,0,SNDK / USD,1393,2
1789980906,20260921,0,IONQ / USD,3044,2
1789980906,20260921,0,CRCL / USD,461,2
1789980906,20260921,0,AMZN / USD,32068,2
1789980906,20260921,0,INTC / USD,1102,2
1789980906,20260921,0,MU / USD,35,2
1789980906,20260921,0,AAPL / USD,32086,2
1789980906,20260921,0,NVDA / USD,27465,2
1789980906,20260921,0,DELL-USD,2353,2
1789980906,20260921,0,NBIS / USD,11923,2
1789980906,20260921,0,CLSK / USD,1083,2
1789980906,20260921,0,ASML / USD,1697,2
1789980906,20260921,0,BABA / USD,1597,2
1789980906,20260921,0,USO / USD,392,2
1789980906,20260921,0,META / USD,8286,2
1789980906,20260921,0,MSFT / USD,32062,2
1789980906,20260921,0,SLV / USD,11167,2
1789980906,20260921,0,CRWV / USD,681,2
1789980906,20260921,0,AMD / USD,3117,2
1789980906,20260921,0,GME / USD,2899,2
1789981206,20260921,0,SGOV-USD,32380,2
1789981206,20260921,0,EWY / USD,1744,2
1789981206,20260921,0,GOOGL / USD,3527,2
1789981206,20260921,0,QQQ / USD,3759,2
1789981206,20260921,0,TSM / USD,4791,2
1789981206,20260921,0,COIN / USD,799,2
1789981206,20260921,0,PLTR / USD,682,2
1789981206,20260921,0,RGTI / USD,3381,2
1789981206,20260921,0,ORCL / USD,425,2
1789981206,20260921,0,MSTR / USD,523,2
1789981206,20260921,0,RKLB / USD,3458,2
1789981206,20260921,0,SPCX / USD,18006,2
1789981206,20260921,0,USAR-USD,356,2
1789981206,20260921,0,SPY / USD,32381,2
1789981206,20260921,0,TSLA / USD,3409,2
1789981206,20260921,0,SNDK / USD,1694,2
1789981206,20260921,0,IONQ / USD,3345,2
1789981206,20260921,0,CRCL / USD,762,2
1789981206,20260921,0,AMZN / USD,32369,2
1789981206,20260921,0,INTC / USD,1403,2
1789981206,20260921,0,MU / USD,336,2
1789981206,20260921,0,AAPL / USD,32387,2
1789981206,20260921,0,NVDA / USD,27766,2
1789981206,20260921,0,DELL-USD,2654,2
1789981206,20260921,0,NBIS / USD,12224,2
1789981206,20260921,0,CLSK / USD,59,2
1789981206,20260921,0,ASML / USD,1998,2
1789981206,20260921,0,BABA / USD,1898,2
1789981206,20260921,0,USO / USD,693,2
1789981206,20260921,0,META / USD,8587,2
1789981206,20260921,0,MSFT / USD,32363,2
1789981206,20260921,0,SLV / USD,11468,2
1789981206,20260921,0,CRWV / USD,982,2
1789981206,20260921,0,AMD / USD,3418,2
1789981206,20260921,0,GME / USD,112,2
1789981507,20260921,0,SGOV-USD,32681,2
1789981507,20260921,0,EWY / USD,2045,2
1789981507,20260921,0,GOOGL / USD,3828,2
1789981507,20260921,0,QQQ / USD,4060,2
1789981507,20260921,0,TSM / USD,5092,2
1789981507,20260921,0,COIN / USD,1100,2
1789981507,20260921,0,PLTR / USD,983,2
1789981507,20260921,0,RGTI / USD,3682,2
1789981507,20260921,0,ORCL / USD,726,2
1789981507,20260921,0,MSTR / USD,824,2
1789981507,20260921,0,RKLB / USD,3759,2
1789981507,20260921,0,SPCX / USD,18307,2
1789981507,20260921,0,USAR-USD,657,2
1789981507,20260921,0,SPY / USD,32682,2
1789981507,20260921,0,TSLA / USD,3710,2
1789981507,20260921,0,SNDK / USD,1995,2
1789981507,20260921,0,IONQ / USD,3646,2
1789981507,20260921,0,CRCL / USD,1063,2
1789981507,20260921,0,AMZN / USD,32670,2
1789981507,20260921,0,INTC / USD,1704,2
1789981507,20260921,0,MU / USD,637,2
1789981507,20260921,0,AAPL / USD,32688,2
1789981507,20260921,0,NVDA / USD,28067,2
1789981507,20260921,0,DELL-USD,2955,2
1789981507,20260921,0,NBIS / USD,12525,2
1789981507,20260921,0,CLSK / USD,360,2
1789981507,20260921,0,ASML / USD,2299,2
1789981507,20260921,0,BABA / USD,2199,2
1789981507,20260921,0,USO / USD,994,2
1789981507,20260921,0,META / USD,8888,2
1789981507,20260921,0,MSFT / USD,32664,2
1789981507,20260921,0,SLV / USD,11769,2
1789981507,20260921,0,CRWV / USD,1283,2
1789981507,20260921,0,AMD / USD,3719,2
1789981507,20260921,0,GME / USD,413,2
1789981808,20260921,0,SGOV-USD,32982,2
1789981808,20260921,0,EWY / USD,2346,2
1789981808,20260921,0,GOOGL / USD,4129,2
1789981808,20260921,0,QQQ / USD,4361,2
1789981808,20260921,0,TSM / USD,5393,2
1789981808,20260921,0,COIN / USD,261,2
1789981808,20260921,0,PLTR / USD,1284,2
1789981808,20260921,0,RGTI / USD,143,2
1789981808,20260921,0,ORCL / USD,1027,2
1789981808,20260921,0,MSTR / USD,225,2
1789981808,20260921,0,RKLB / USD,4060,2
1789981808,20260921,0,SPCX / USD,18608,2
1789981808,20260921,0,USAR-USD,86,2
1789981808,20260921,0,SPY / USD,32983,2
1789981808,20260921,0,TSLA / USD,4011,2
1789981808,20260921,0,SNDK / USD,2296,2
1789981808,20260921,0,IONQ / USD,3947,2
1789981808,20260921,0,CRCL / USD,193,2
1789981808,20260921,0,AMZN / USD,32971,2
1789981808,20260921,0,INTC / USD,2005,2
1789981808,20260921,0,MU / USD,938,2
1789981808,20260921,0,AAPL / USD,32989,2
1789981808,20260921,0,NVDA / USD,28368,2
1789981808,20260921,0,DELL-USD,3256,2
1789981808,20260921,0,NBIS / USD,12826,2
1789981808,20260921,0,CLSK / USD,60,2
1789981808,20260921,0,ASML / USD,2600,2
1789981808,20260921,0,BABA / USD,2500,2
1789981808,20260921,0,USO / USD,1295,2
1789981808,20260921,0,META / USD,9189,2
1789981808,20260921,0,MSFT / USD,32965,2
1789981808,20260921,0,SLV / USD,12070,2
1789981808,20260921,0,CRWV / USD,1584,2
1789981808,20260921,0,AMD / USD,149,2
1789981808,20260921,0,GME / USD,714,2
1789982108,20260921,0,SGOV-USD,33281,2
1789982108,20260921,0,EWY / USD,2645,2
1789982108,20260921,0,GOOGL / USD,4428,2
1789982108,20260921,0,QQQ / USD,4660,2
1789982108,20260921,0,TSM / USD,5692,2
1789982108,20260921,0,COIN / USD,560,2
1789982108,20260921,0,PLTR / USD,1583,2
1789982108,20260921,0,RGTI / USD,442,2
1789982108,20260921,0,ORCL / USD,1326,2
1789982108,20260921,0,MSTR / USD,44,2
1789982108,20260921,0,RKLB / USD,4359,2
1789982108,20260921,0,SPCX / USD,18907,2
1789982108,20260921,0,USAR-USD,385,2
1789982108,20260921,0,SPY / USD,33282,2
1789982108,20260921,0,TSLA / USD,4310,2
1789982108,20260921,0,SNDK / USD,2595,2
1789982108,20260921,0,IONQ / USD,4246,2
1789982108,20260921,0,CRCL / USD,252,2
1789982108,20260921,0,AMZN / USD,33270,2
1789982108,20260921,0,INTC / USD,2304,2
1789982108,20260921,0,MU / USD,1237,2
1789982108,20260921,0,AAPL / USD,33288,2
1789982108,20260921,0,NVDA / USD,28667,2
1789982108,20260921,0,DELL-USD,3555,2
1789982108,20260921,0,NBIS / USD,13125,2
1789982108,20260921,0,CLSK / USD,359,2
1789982108,20260921,0,ASML / USD,2899,2
1789982108,20260921,0,BABA / USD,2799,2
1789982108,20260921,0,USO / USD,1594,2
1789982108,20260921,0,META / USD,9488,2
1789982108,20260921,0,MSFT / USD,33264,2
1789982108,20260921,0,SLV / USD,12369,2
1789982108,20260921,0,CRWV / USD,1883,2
1789982108,20260921,0,AMD / USD,448,2
1789982108,20260921,0,GME / USD,1013,2
1789982410,20260921,0,SGOV-USD,33583,2
1789982410,20260921,0,EWY / USD,2947,2
1789982410,20260921,0,GOOGL / USD,4730,2
1789982410,20260921,0,QQQ / USD,4962,2
1789982410,20260921,0,TSM / USD,5994,2
1789982410,20260921,0,COIN / USD,862,2
1789982410,20260921,0,PLTR / USD,1885,2
1789982410,20260921,0,RGTI / USD,744,2
1789982410,20260921,0,ORCL / USD,1628,2
1789982410,20260921,0,MSTR / USD,346,2
1789982410,20260921,0,RKLB / USD,4661,2
1789982410,20260921,0,SPCX / USD,19209,2
1789982410,20260921,0,USAR-USD,687,2
1789982410,20260921,0,SPY / USD,33584,2
1789982410,20260921,0,TSLA / USD,4612,2
1789982410,20260921,0,SNDK / USD,2897,2
1789982410,20260921,0,IONQ / USD,4548,2
1789982410,20260921,0,CRCL / USD,554,2
1789982410,20260921,0,AMZN / USD,33572,2
1789982410,20260921,0,INTC / USD,2606,2
1789982410,20260921,0,MU / USD,1539,2
1789982410,20260921,0,AAPL / USD,33590,2
1789982410,20260921,0,NVDA / USD,28969,2
1789982410,20260921,0,DELL-USD,3857,2
1789982410,20260921,0,NBIS / USD,13427,2
1789982410,20260921,0,CLSK / USD,661,2
1789982410,20260921,0,ASML / USD,3201,2
1789982410,20260921,0,BABA / USD,3101,2
1789982410,20260921,0,USO / USD,1896,2
1789982410,20260921,0,META / USD,9790,2
1789982410,20260921,0,MSFT / USD,33566,2
1789982410,20260921,0,SLV / USD,12671,2
1789982410,20260921,0,CRWV / USD,2185,2
1789982410,20260921,0,AMD / USD,750,2
1789982410,20260921,0,GME / USD,1315,2
1789982710,20260921,0,SGOV-USD,33884,2
1789982710,20260921,0,EWY / USD,3248,2
1789982710,20260921,0,GOOGL / USD,5031,2
1789982710,20260921,0,QQQ / USD,5263,2
1789982710,20260921,0,TSM / USD,6295,2
1789982710,20260921,0,COIN / USD,1163,2
1789982710,20260921,0,PLTR / USD,2186,2
1789982710,20260921,0,RGTI / USD,1045,2
1789982710,20260921,0,ORCL / USD,1929,2
1789982710,20260921,0,MSTR / USD,647,2
1789982710,20260921,0,RKLB / USD,4962,2
1789982710,20260921,0,SPCX / USD,19510,2
1789982710,20260921,0,USAR-USD,988,2
1789982710,20260921,0,SPY / USD,33885,2
1789982710,20260921,0,TSLA / USD,4913,2
1789982710,20260921,0,SNDK / USD,3198,2
1789982710,20260921,0,IONQ / USD,4849,2
1789982710,20260921,0,CRCL / USD,855,2
1789982710,20260921,0,AMZN / USD,33873,2
1789982710,20260921,0,INTC / USD,2907,2
1789982710,20260921,0,MU / USD,1840,2
1789982710,20260921,0,AAPL / USD,33891,2
1789982710,20260921,0,NVDA / USD,29270,2
1789982710,20260921,0,DELL-USD,4158,2
1789982710,20260921,0,NBIS / USD,13728,2
1789982710,20260921,0,CLSK / USD,962,2
1789982710,20260921,0,ASML / USD,3502,2
1789982710,20260921,0,BABA / USD,3402,2
1789982710,20260921,0,USO / USD,2197,2
1789982710,20260921,0,META / USD,10091,2
1789982710,20260921,0,MSFT / USD,33867,2
1789982710,20260921,0,SLV / USD,12972,2
1789982710,20260921,0,CRWV / USD,2486,2
1789982710,20260921,0,AMD / USD,1051,2
1789982710,20260921,0,GME / USD,1616,2
1789983011,20260921,0,SGOV-USD,34184,2
1789983011,20260921,0,EWY / USD,3548,2
1789983011,20260921,0,GOOGL / USD,5331,2
1789983011,20260921,0,QQQ / USD,5563,2
1789983011,20260921,0,TSM / USD,6595,2
1789983011,20260921,0,COIN / USD,203,2
1789983011,20260921,0,PLTR / USD,2486,2
1789983011,20260921,0,RGTI / USD,1345,2
1789983011,20260921,0,ORCL / USD,2229,2
1789983011,20260921,0,MSTR / USD,46,2
1789983011,20260921,0,RKLB / USD,5262,2
1789983011,20260921,0,SPCX / USD,19810,2
1789983011,20260921,0,USAR-USD,1288,2
1789983011,20260921,0,SPY / USD,34185,2
1789983011,20260921,0,TSLA / USD,5213,2
1789983011,20260921,0,SNDK / USD,3498,2
1789983011,20260921,0,IONQ / USD,5149,2
1789983011,20260921,0,CRCL / USD,165,2
1789983011,20260921,0,AMZN / USD,34173,2
1789983011,20260921,0,INTC / USD,3207,2
1789983011,20260921,0,MU / USD,2140,2
1789983011,20260921,0,AAPL / USD,34191,2
1789983011,20260921,0,NVDA / USD,29570,2
1789983011,20260921,0,DELL-USD,4458,2
1789983011,20260921,0,NBIS / USD,14028,2
1789983011,20260921,0,CLSK / USD,1262,2
1789983011,20260921,0,ASML / USD,3802,2
1789983011,20260921,0,BABA / USD,3702,2
1789983011,20260921,0,USO / USD,2497,2
1789983011,20260921,0,META / USD,10391,2
1789983011,20260921,0,MSFT / USD,34167,2
1789983011,20260921,0,SLV / USD,13272,2
1789983011,20260921,0,CRWV / USD,2786,2
1789983011,20260921,0,AMD / USD,1351,2
1789983011,20260921,0,GME / USD,1916,2
1789983312,20260921,0,SGOV-USD,34485,2
1789983312,20260921,0,EWY / USD,3849,2
1789983312,20260921,0,GOOGL / USD,5632,2
1789983312,20260921,0,QQQ / USD,5864,2
1789983312,20260921,0,TSM / USD,6896,2
1789983312,20260921,0,COIN / USD,504,2
1789983312,20260921,0,PLTR / USD,2787,2
1789983312,20260921,0,RGTI / USD,1646,2
1789983312,20260921,0,ORCL / USD,2530,2
1789983312,20260921,0,MSTR / USD,167,2
1789983312,20260921,0,RKLB / USD,5563,2
1789983312,20260921,0,SPCX / USD,20111,2
1789983312,20260921,0,USAR-USD,1589,2
1789983312,20260921,0,SPY / USD,34486,2
1789983312,20260921,0,TSLA / USD,5514,2
1789983312,20260921,0,SNDK / USD,3799,2
1789983312,20260921,0,IONQ / USD,5450,2
1789983312,20260921,0,CRCL / USD,466,2
1789983312,20260921,0,AMZN / USD,34474,2
1789983312,20260921,0,INTC / USD,3508,2
1789983312,20260921,0,MU / USD,2441,2
1789983312,20260921,0,AAPL / USD,34492,2
1789983312,20260921,0,NVDA / USD,29871,2
1789983312,20260921,0,DELL-USD,4759,2
1789983312,20260921,0,NBIS / USD,14329,2
1789983312,20260921,0,CLSK / USD,153,2
1789983312,20260921,0,ASML / USD,4103,2
1789983312,20260921,0,BABA / USD,4003,2
1789983312,20260921,0,USO / USD,2798,2
1789983312,20260921,0,META / USD,10692,2
1789983312,20260921,0,MSFT / USD,34468,2
1789983312,20260921,0,SLV / USD,13573,2
1789983312,20260921,0,CRWV / USD,3087,2
1789983312,20260921,0,AMD / USD,1652,2
1789983312,20260921,0,GME / USD,2217,2
1789983613,20260921,0,SGOV-USD,34786,2
1789983613,20260921,0,EWY / USD,4150,2
1789983613,20260921,0,GOOGL / USD,5933,2
1789983613,20260921,0,QQQ / USD,6165,2
1789983613,20260921,0,TSM / USD,7197,2
1789983613,20260921,0,COIN / USD,805,2
1789983613,20260921,0,PLTR / USD,3088,2
1789983613,20260921,0,RGTI / USD,1947,2
1789983613,20260921,0,ORCL / USD,2831,2
1789983613,20260921,0,MSTR / USD,108,2
1789983613,20260921,0,RKLB / USD,5864,2
1789983613,20260921,0,SPCX / USD,20412,2
1789983613,20260921,0,USAR-USD,1890,2
1789983613,20260921,0,SPY / USD,34787,2
1789983613,20260921,0,TSLA / USD,5815,2
1789983613,20260921,0,SNDK / USD,4100,2
1789983613,20260921,0,IONQ / USD,5751,2
1789983613,20260921,0,CRCL / USD,47,2
1789983613,20260921,0,AMZN / USD,34775,2
1789983613,20260921,0,INTC / USD,3809,2
1789983613,20260921,0,MU / USD,2742,2
1789983613,20260921,0,AAPL / USD,34793,2
1789983613,20260921,0,NVDA / USD,30172,2
1789983613,20260921,0,DELL-USD,5060,2
1789983613,20260921,0,NBIS / USD,14630,2
1789983613,20260921,0,CLSK / USD,454,2
1789983613,20260921,0,ASML / USD,4404,2
1789983613,20260921,0,BABA / USD,4304,2
1789983613,20260921,0,USO / USD,3099,2
1789983613,20260921,0,META / USD,10993,2
1789983613,20260921,0,MSFT / USD,34769,2
1789983613,20260921,0,SLV / USD,13874,2
1789983613,20260921,0,CRWV / USD,3388,2
1789983613,20260921,0,AMD / USD,1953,2
1789983613,20260921,0,GME / USD,2518,2
1789983913,20260921,0,SGOV-USD,35086,2
1789983913,20260921,0,EWY / USD,4450,2
1789983913,20260921,0,GOOGL / USD,6233,2
1789983913,20260921,0,QQQ / USD,6465,2
1789983913,20260921,0,TSM / USD,7497,2
1789983913,20260921,0,COIN / USD,1105,2
1789983913,20260921,0,PLTR / USD,3388,2
1789983913,20260921,0,RGTI / USD,2247,2
1789983913,20260921,0,ORCL / USD,3131,2
1789983913,20260921,0,MSTR / USD,228,2
1789983913,20260921,0,RKLB / USD,6164,2
1789983913,20260921,0,SPCX / USD,20712,2
1789983913,20260921,0,USAR-USD,2190,2
1789983913,20260921,0,SPY / USD,35087,2
1789983913,20260921,0,TSLA / USD,6115,2
1789983913,20260921,0,SNDK / USD,4400,2
1789983913,20260921,0,IONQ / USD,6051,2
1789983913,20260921,0,CRCL / USD,347,2
1789983913,20260921,0,AMZN / USD,35075,2
1789983913,20260921,0,INTC / USD,4109,2
1789983913,20260921,0,MU / USD,3042,2
1789983913,20260921,0,AAPL / USD,35093,2
1789983913,20260921,0,NVDA / USD,192,2
1789983913,20260921,0,DELL-USD,5360,2
1789983913,20260921,0,NBIS / USD,14930,2
1789983913,20260921,0,CLSK / USD,754,2
1789983913,20260921,0,ASML / USD,4704,2
1789983913,20260921,0,BABA / USD,4604,2
1789983913,20260921,0,USO / USD,3399,2
1789983913,20260921,0,META / USD,11293,2
1789983913,20260921,0,MSFT / USD,35069,2
1789983913,20260921,0,SLV / USD,14174,2
1789983913,20260921,0,CRWV / USD,3688,2
1789983913,20260921,0,AMD / USD,2253,2
1789983913,20260921,0,GME / USD,2818,2
1789984213,20260921,0,SGOV-USD,35388,2
1789984213,20260921,0,EWY / USD,4752,2
1789984213,20260921,0,GOOGL / USD,6535,2
1789984213,20260921,0,QQQ / USD,6767,2
1789984213,20260921,0,TSM / USD,7799,2
1789984213,20260921,0,COIN / USD,1407,2
1789984213,20260921,0,PLTR / USD,3690,2
1789984213,20260921,0,RGTI / USD,2549,2
1789984213,20260921,0,ORCL / USD,222,2
1789984213,20260921,0,MSTR / USD,530,2
1789984213,20260921,0,RKLB / USD,6466,2
1789984213,20260921,0,SPCX / USD,21014,2
1789984213,20260921,0,USAR-USD,2492,2
1789984213,20260921,0,SPY / USD,35389,2
1789984213,20260921,0,TSLA / USD,6417,2
1789984213,20260921,0,SNDK / USD,4702,2
1789984213,20260921,0,IONQ / USD,6353,2
1789984213,20260921,0,CRCL / USD,168,2
1789984213,20260921,0,AMZN / USD,35377,2
1789984213,20260921,0,INTC / USD,4411,2
1789984213,20260921,0,MU / USD,3344,2
1789984213,20260921,0,AAPL / USD,35395,2
1789984213,20260921,0,NVDA / USD,494,2
1789984213,20260921,0,DELL-USD,5662,2
1789984213,20260921,0,NBIS / USD,15232,2
1789984213,20260921,0,CLSK / USD,216,2
1789984213,20260921,0,ASML / USD,5006,2
1789984213,20260921,0,BABA / USD,4906,2
1789984213,20260921,0,USO / USD,3701,2
1789984213,20260921,0,META / USD,11595,2
1789984213,20260921,0,MSFT / USD,35371,2
1789984213,20260921,0,SLV / USD,14476,2
1789984213,20260921,0,CRWV / USD,3990,2
1789984213,20260921,0,AMD / USD,2555,2
1789984213,20260921,0,GME / USD,3120,2
